timestamp,status,confidence
1771400995.6348155,CALIBRATING,0.0
1771400995.6650429,CALIBRATING,0.0
1771400995.6795378,CALIBRATING,0.0
1771400995.699922,CALIBRATING,0.0
1771400995.733408,CALIBRATING,0.0
1771400995.763419,CALIBRATING,0.0
1771400995.7915342,CALIBRATING,0.0
1771400995.820319,CALIBRATING,0.0
1771400995.852733,CALIBRATING,0.0
1771400995.899874,CALIBRATING,0.0
1771400995.9332027,CALIBRATING,0.0
1771400995.965032,CALIBRATING,0.0
1771400995.9967816,CALIBRATING,0.0
1771400996.0306363,CALIBRATING,0.0
1771400996.0617664,CALIBRATING,0.0
1771400996.0970535,CALIBRATING,0.0
1771400996.1228945,CALIBRATING,0.0
1771400996.1583729,CALIBRATING,0.0
1771400996.186442,CALIBRATING,0.0
1771400996.2192326,CALIBRATING,0.0
1771400996.250787,CALIBRATING,0.0
1771400996.2988687,CALIBRATING,0.0
1771400996.3309314,CALIBRATING,0.0
1771400996.3657007,CALIBRATING,0.0
1771400996.3953624,CALIBRATING,0.0
1771400996.4329686,CALIBRATING,0.0
1771400996.4623125,CALIBRATING,0.0
1771400996.4910421,CALIBRATING,0.0
1771400996.5217762,CALIBRATING,0.0
1771400996.5579512,CALIBRATING,0.0
1771400996.5867531,CALIBRATING,0.0
1771400996.6195023,CALIBRATING,0.0
1771400996.6499345,CALIBRATING,0.0
1771400996.6966908,CALIBRATING,0.0
1771400996.7321303,CALIBRATING,0.0
1771400996.7630465,CALIBRATING,0.0
1771400996.794585,CALIBRATING,0.0
1771400996.8274946,CALIBRATING,0.0
1771400996.8580067,CALIBRATING,0.0
1771400996.8900833,CALIBRATING,0.0
1771400996.9244995,CALIBRATING,0.0
1771400996.9542093,CALIBRATING,0.0
1771400996.987607,CALIBRATING,0.0
1771400997.0221982,CALIBRATING,0.0
1771400997.0516212,CALIBRATING,0.0
1771400997.0999997,CALIBRATING,0.0
1771400997.130507,CALIBRATING,0.0
1771400997.163704,CALIBRATING,0.0
1771400997.1935468,CALIBRATING,0.0
1771400997.2273495,CALIBRATING,0.0
1771400997.263536,CALIBRATING,0.0
1771400997.2919803,CALIBRATING,0.0
1771400997.3233974,CALIBRATING,0.0
1771400997.3588188,CALIBRATING,0.0
1771400997.3868554,CALIBRATING,0.0
1771400997.42164,CALIBRATING,0.0
1771400997.455114,CALIBRATING,0.0
1771400997.497824,CALIBRATING,0.0
1771400997.5321689,CALIBRATING,0.0
1771400997.5605583,CALIBRATING,0.0
1771400997.593965,CALIBRATING,0.0
1771400997.6278844,CALIBRATING,0.0
1771400997.6577652,CALIBRATING,0.0
1771400997.689753,CALIBRATING,0.0
1771400997.7272744,CALIBRATING,0.0
1771400997.7555585,CALIBRATING,0.0
1771400997.7882385,CALIBRATING,0.0
1771400997.8251698,CALIBRATING,0.0
1771400997.852271,CALIBRATING,0.0
1771400997.8975518,CALIBRATING,0.0
1771400997.93014,CALIBRATING,0.0
1771400997.9625936,CALIBRATING,0.0
1771400997.9921756,CALIBRATING,0.0
1771400998.0268977,CALIBRATING,0.0
1771400998.0577297,CALIBRATING,0.0
1771400998.0897691,CALIBRATING,0.0
1771400998.1252465,CALIBRATING,0.0
1771400998.1546469,CALIBRATING,0.0
1771400998.1861432,CALIBRATING,0.0
1771400998.217057,CALIBRATING,0.0
1771400998.2488012,CALIBRATING,0.0
1771400998.2991269,CALIBRATING,0.0
1771400998.3301253,CALIBRATING,0.0
1771400998.3633773,CALIBRATING,0.0
1771400998.3968503,CALIBRATING,0.0
1771400998.4301057,CALIBRATING,0.0
1771400998.4580462,CALIBRATING,0.0
1771400998.4902616,CALIBRATING,0.0
1771400998.5212421,CALIBRATING,0.0
1771400998.554924,CALIBRATING,0.0
1771400998.5880153,CALIBRATING,0.0
1771400998.6197512,CALIBRATING,0.0
1771400998.6531684,CALIBRATING,0.0
1771400998.6997864,CALIBRATING,0.0
1771400998.7330678,CALIBRATING,0.0
1771400998.7646244,CALIBRATING,0.0
1771400998.796942,CALIBRATING,1.0
1771400998.8274097,CALIBRATING,1.0
1771400998.8581328,CALIBRATING,1.0
1771400998.894059,CALIBRATING,1.0
1771400998.9221075,CALIBRATING,1.0
1771400998.9546762,CALIBRATING,1.0
1771400998.9895175,CALIBRATING,1.0
1771400999.0177004,CALIBRATING,1.0
1771400999.0504708,CALIBRATING,1.0
1771400999.0972033,CALIBRATING,1.0
1771400999.1335173,CALIBRATING,1.0
1771400999.16106,CALIBRATING,1.0
1771400999.1962442,CALIBRATING,1.0
1771400999.2326152,CALIBRATING,1.0
1771400999.2594957,CALIBRATING,1.0
1771400999.2902422,CALIBRATING,1.0
1771400999.3243463,CALIBRATING,1.0
1771400999.353557,CALIBRATING,1.0
1771400999.3872168,CALIBRATING,1.0
1771400999.4209962,CALIBRATING,1.0
1771400999.4498796,CALIBRATING,1.0
1771400999.4979837,CALIBRATING,1.0
1771400999.5329564,CALIBRATING,1.0
1771400999.561986,CALIBRATING,1.0
1771400999.5944932,CALIBRATING,1.0
1771400999.6281846,CALIBRATING,1.0
1771400999.6575768,CALIBRATING,1.0
1771400999.6892064,CALIBRATING,1.0
1771400999.7257876,CALIBRATING,1.0
1771400999.752557,CALIBRATING,1.0
1771400999.788246,CALIBRATING,1.0
1771400999.821703,CALIBRATING,1.0
1771400999.8678722,CALIBRATING,1.0
1771400999.899872,CALIBRATING,1.0
1771400999.9316099,CALIBRATING,1.0
1771400999.9616704,CALIBRATING,1.0
1771400999.9990659,CALIBRATING,1.0
1771401000.0277371,CALIBRATING,1.0
1771401000.063497,CALIBRATING,1.0
1771401000.091957,CALIBRATING,1.0
1771401000.124249,CALIBRATING,1.0
1771401000.1570368,CALIBRATING,1.0
1771401000.1842954,CALIBRATING,1.0
1771401000.2173164,CALIBRATING,1.0
1771401000.26833,CALIBRATING,1.0
1771401000.3066077,CALIBRATING,1.0
1771401000.3310418,CALIBRATING,1.0
1771401000.3626587,CALIBRATING,1.0
1771401000.3939686,CALIBRATING,1.0
1771401000.4265506,CALIBRATING,1.0
1771401000.4615269,CALIBRATING,1.0
1771401000.4894612,CALIBRATING,1.0
1771401000.52291,CALIBRATING,1.0
1771401000.5543756,CALIBRATING,1.0
1771401000.5878587,CALIBRATING,1.0
1771401000.6162488,CALIBRATING,1.0
1771401000.66455,CALIBRATING,1.0
1771401000.6982696,CALIBRATING,1.0
1771401000.7299955,CALIBRATING,1.0
1771401000.7644773,CALIBRATING,1.0
1771401000.7944667,CALIBRATING,1.0
1771401000.8252432,CALIBRATING,1.0
1771401000.8554788,CALIBRATING,1.0
1771401000.8893461,CALIBRATING,1.0
1771401000.9211771,CALIBRATING,1.0
1771401000.9545686,CALIBRATING,1.0
1771401000.9888828,CALIBRATING,1.0
1771401001.0178018,CALIBRATING,1.0
1771401001.0641072,CALIBRATING,1.0
1771401001.0978918,CALIBRATING,1.0
1771401001.1311917,CALIBRATING,1.0
1771401001.1706603,CALIBRATING,1.0
1771401001.194614,CALIBRATING,1.0
1771401001.2282512,CALIBRATING,1.0
1771401001.2592888,CALIBRATING,1.0
1771401001.2909863,CALIBRATING,1.0
1771401001.3265457,CALIBRATING,1.0
1771401001.3567188,CALIBRATING,1.0
1771401001.3903644,CALIBRATING,1.0
1771401001.4266531,CALIBRATING,1.0
1771401001.4681141,CALIBRATING,1.0
1771401001.5008473,CALIBRATING,1.0
1771401001.5371532,CALIBRATING,1.0
1771401001.570287,CALIBRATING,1.0
1771401001.5955238,CALIBRATING,1.0
1771401001.6301134,CALIBRATING,1.0
1771401001.6633103,CALIBRATING,1.0
1771401001.6940258,CALIBRATING,1.0
1771401001.7223341,CALIBRATING,1.0
1771401001.7555864,CALIBRATING,1.0
1771401001.789755,CALIBRATING,1.0
1771401001.8232462,CALIBRATING,1.0
1771401001.866863,CALIBRATING,1.0
1771401001.8995774,CALIBRATING,1.0
1771401001.9287593,CALIBRATING,1.0
1771401001.9635427,CALIBRATING,1.0
1771401001.9936016,CALIBRATING,1.0
1771401002.0276916,CALIBRATING,1.0
1771401002.0643706,CALIBRATING,1.0
1771401002.0902016,CALIBRATING,1.0
1771401002.1211169,CALIBRATING,1.0
1771401002.1551201,CALIBRATING,1.0
1771401002.1863375,CALIBRATING,1.0
1771401002.2190573,CALIBRATING,1.0
1771401002.2658224,CALIBRATING,1.0
1771401002.2981157,CALIBRATING,1.0
1771401002.330284,CALIBRATING,1.0
1771401002.364354,CALIBRATING,1.0
1771401002.3944116,CALIBRATING,1.0
1771401002.4250305,CALIBRATING,1.0
1771401002.4571943,CALIBRATING,1.0
1771401002.4911227,CALIBRATING,1.0
1771401002.5209644,CALIBRATING,1.0
1771401002.5573726,CALIBRATING,1.0
1771401002.585863,CALIBRATING,1.0
1771401002.6186352,CALIBRATING,1.0
1771401002.6680593,CALIBRATING,1.0
1771401002.702567,CALIBRATING,1.0
1771401002.7340457,CALIBRATING,1.0
1771401002.765322,CALIBRATING,1.0
1771401002.7959342,CALIBRATING,1.0
1771401002.8282886,CALIBRATING,1.0
1771401002.8650608,CALIBRATING,1.0
1771401002.8913352,CALIBRATING,1.0
1771401002.9246912,CALIBRATING,1.0
1771401002.9625993,CALIBRATING,1.0
1771401002.9884357,CALIBRATING,1.0
1771401003.018176,CALIBRATING,1.0
1771401003.0687015,CALIBRATING,1.0
1771401003.099596,CALIBRATING,1.0
1771401003.131506,CALIBRATING,1.0
1771401003.1656344,CALIBRATING,1.0
1771401003.194956,CALIBRATING,1.0
1771401003.2258532,CALIBRATING,1.0
1771401003.2593753,CALIBRATING,1.0
1771401003.2875388,CALIBRATING,1.0
1771401003.3224761,CALIBRATING,1.0
1771401003.3562253,CALIBRATING,1.0
1771401003.3856955,CALIBRATING,1.0
1771401003.4205983,CALIBRATING,1.0
1771401003.4643466,CALIBRATING,1.0
1771401003.4974644,CALIBRATING,1.0
1771401003.5300567,CALIBRATING,1.0
1771401003.5669556,CALIBRATING,1.0
1771401003.593826,CALIBRATING,1.0
1771401003.6260998,CALIBRATING,1.0
1771401003.6617103,CALIBRATING,1.0
1771401003.6906815,CALIBRATING,1.0
1771401003.724466,CALIBRATING,1.0
1771401003.7542434,CALIBRATING,1.0
1771401003.7871773,CALIBRATING,1.0
1771401003.8207984,CALIBRATING,1.0
1771401003.8661783,CALIBRATING,1.0
1771401003.8971903,CALIBRATING,1.0
1771401003.9299695,CALIBRATING,1.0
1771401003.9646535,CALIBRATING,1.0
1771401003.99335,CALIBRATING,1.0
1771401004.027741,CALIBRATING,1.0
1771401004.0586486,CALIBRATING,1.0
1771401004.0924,CALIBRATING,1.0
1771401004.12576,CALIBRATING,1.0
1771401004.157033,CALIBRATING,1.0
1771401004.1884162,CALIBRATING,1.0
1771401004.220505,CALIBRATING,1.0
1771401004.267923,CALIBRATING,1.0
1771401004.3002992,CALIBRATING,1.0
1771401004.3317735,CALIBRATING,1.0
1771401004.363709,CALIBRATING,1.0
1771401004.3986242,CALIBRATING,1.0
1771401004.427573,CALIBRATING,1.0
1771401004.4606261,CALIBRATING,1.0
1771401004.4927812,CALIBRATING,1.0
1771401004.5224028,CALIBRATING,1.0
1771401004.5520191,CALIBRATING,1.0
1771401004.585692,CALIBRATING,1.0
1771401004.6173136,CALIBRATING,1.0
1771401004.668279,CALIBRATING,1.0
1771401004.7000144,CALIBRATING,1.0
1771401004.727988,CALIBRATING,1.0
1771401004.7607229,CALIBRATING,1.0
1771401004.7935445,CALIBRATING,1.0
1771401004.825474,CALIBRATING,1.0
1771401004.8598971,CALIBRATING,1.0
1771401004.8899457,CALIBRATING,1.0
1771401004.924862,CALIBRATING,1.0
1771401004.958434,CALIBRATING,1.0
1771401004.9862483,CALIBRATING,1.0
1771401005.0186832,CALIBRATING,1.0
1771401005.0656884,CALIBRATING,1.0
1771401005.1031003,CALIBRATING,1.0
1771401005.1296046,CALIBRATING,1.0
1771401005.162222,CALIBRATING,1.0
1771401005.1956532,CALIBRATING,1.0
1771401005.2256129,CALIBRATING,1.0
1771401005.257607,CALIBRATING,1.0
1771401005.2907636,CALIBRATING,1.0
1771401005.3211107,CALIBRATING,1.0
1771401005.3570776,CALIBRATING,1.0
1771401005.3856442,CALIBRATING,1.0
1771401005.4188986,CALIBRATING,1.0
1771401005.4694388,CALIBRATING,1.0
1771401005.5003254,CALIBRATING,1.0
1771401005.5322602,CALIBRATING,1.0
1771401005.5636475,CALIBRATING,1.0
1771401005.5943215,CALIBRATING,1.0
1771401005.626418,CALIBRATING,1.0
1771401005.6587405,CALIBRATING,1.0
1771401005.6900663,CALIBRATING,1.0
1771401005.7259014,CALIBRATING,1.0
1771401005.7564342,CALIBRATING,1.0
1771401005.7882903,CALIBRATING,1.0
1771401005.8222854,CALIBRATING,1.0
1771401005.8646855,CALIBRATING,1.0
1771401005.8976483,CALIBRATING,1.0
1771401005.930454,CALIBRATING,1.0
1771401005.9651654,CALIBRATING,1.0
1771401005.9948866,CALIBRATING,1.0
1771401006.0259514,CALIBRATING,1.0
1771401006.0571725,CALIBRATING,1.0
1771401006.088336,CALIBRATING,1.0
1771401006.124939,CALIBRATING,1.0
1771401006.154451,CALIBRATING,1.0
1771401006.1874683,CALIBRATING,1.0
1771401006.2184231,CALIBRATING,1.0
1771401006.2684586,CALIBRATING,1.0
1771401006.3002226,CALIBRATING,1.0
1771401006.3298824,CALIBRATING,1.0
1771401006.3651652,CALIBRATING,1.0
1771401006.3941445,CALIBRATING,1.0
1771401006.4260647,CALIBRATING,1.0
1771401006.4579365,CALIBRATING,1.0
1771401006.4904404,CALIBRATING,1.0
1771401006.5262384,CALIBRATING,1.0
1771401006.5530736,CALIBRATING,1.0
1771401006.584414,CALIBRATING,1.0
1771401006.6235554,CALIBRATING,1.0
1771401006.665094,CALIBRATING,1.0
1771401006.6972852,CALIBRATING,1.0
1771401006.7285073,CALIBRATING,1.0
1771401006.7641253,CALIBRATING,1.0
1771401006.7959306,CALIBRATING,1.0
1771401006.8287437,CALIBRATING,1.0
1771401006.859758,CALIBRATING,1.0
1771401006.8939106,CALIBRATING,1.0
1771401006.924776,CALIBRATING,1.0
1771401006.9610806,CALIBRATING,1.0
1771401006.9925325,CALIBRATING,1.0
1771401007.0205853,CALIBRATING,1.0
1771401007.0654387,CALIBRATING,1.0
1771401007.0999002,CALIBRATING,1.0
1771401007.1321561,CALIBRATING,1.0
1771401007.163687,CALIBRATING,1.0
1771401007.2052364,CALIBRATING,1.0
1771401007.2299693,CALIBRATING,1.0
1771401007.262011,CALIBRATING,1.0
1771401007.296029,CALIBRATING,1.0
1771401007.3282957,CALIBRATING,1.0
1771401007.3566303,CALIBRATING,1.0
1771401007.3877933,CALIBRATING,1.0
1771401007.4194002,CALIBRATING,1.0
1771401007.467918,CALIBRATING,1.0
1771401007.5017993,CALIBRATING,1.0
1771401007.5319324,CALIBRATING,1.0
1771401007.5643137,CALIBRATING,1.0
1771401007.6006782,CALIBRATING,1.0
1771401007.6272464,CALIBRATING,1.0
1771401007.663697,CALIBRATING,1.0
1771401007.6969583,CALIBRATING,1.0
1771401007.7234774,CALIBRATING,1.0
1771401007.756259,CALIBRATING,1.0
1771401007.7853692,CALIBRATING,1.0
1771401007.8224025,CALIBRATING,1.0
1771401007.8663957,CALIBRATING,1.0
1771401007.897565,CALIBRATING,1.0
1771401007.9309747,CALIBRATING,1.0
1771401007.9635208,CALIBRATING,1.0
1771401007.9944284,CALIBRATING,1.0
1771401008.026766,CALIBRATING,1.0
1771401008.0558167,CALIBRATING,1.0
1771401008.0902505,CALIBRATING,1.0
1771401008.125715,CALIBRATING,1.0
1771401008.1549044,CALIBRATING,1.0
1771401008.1873076,CALIBRATING,1.0
1771401008.2254708,CALIBRATING,1.0
1771401008.2664828,CALIBRATING,1.0
1771401008.2984,CALIBRATING,1.0
1771401008.3322108,CALIBRATING,1.0
1771401008.3674874,CALIBRATING,1.0
1771401008.3960028,CALIBRATING,1.0
1771401008.4263856,CALIBRATING,1.0
1771401008.4628656,CALIBRATING,1.0
1771401008.4898782,CALIBRATING,1.0
1771401008.5237203,CALIBRATING,1.0
1771401008.5576842,CALIBRATING,1.0
1771401008.5885715,CALIBRATING,1.0
1771401008.62154,CALIBRATING,1.0
1771401008.6683054,CALIBRATING,1.0
1771401008.702522,CALIBRATING,1.0
1771401008.727958,CALIBRATING,1.0
1771401008.7610288,CALIBRATING,1.0
1771401008.794417,CALIBRATING,1.0
1771401008.8262208,CALIBRATING,1.0
1771401008.8617446,CALIBRATING,1.0
1771401008.890061,CALIBRATING,1.0
1771401008.920397,CALIBRATING,1.0
1771401008.9555964,CALIBRATING,1.0
1771401008.9854507,CALIBRATING,1.0
1771401009.0186143,CALIBRATING,1.0
1771401009.0666318,CALIBRATING,1.0
1771401009.099802,CALIBRATING,1.0
1771401009.1302462,CALIBRATING,1.0
1771401009.1637883,CALIBRATING,1.0
1771401009.1977026,CALIBRATING,1.0
1771401009.229686,CALIBRATING,1.0
1771401009.257164,CALIBRATING,1.0
1771401009.2905645,CALIBRATING,1.0
1771401009.3209155,CALIBRATING,1.0
1771401009.356214,CALIBRATING,1.0
1771401009.3862553,CALIBRATING,1.0
1771401009.4183998,CALIBRATING,1.0
1771401009.4665077,CALIBRATING,1.0
1771401009.4977293,CALIBRATING,1.0
1771401009.5310295,CALIBRATING,1.0
1771401009.5644867,CALIBRATING,1.0
1771401009.5942528,CALIBRATING,1.0
1771401009.6271234,CALIBRATING,1.0
1771401009.6603124,CALIBRATING,1.0
1771401009.6921961,CALIBRATING,1.0
1771401009.7265003,CALIBRATING,1.0
1771401009.755897,CALIBRATING,1.0
1771401009.786478,CALIBRATING,1.0
1771401009.822419,CALIBRATING,1.0
1771401009.867477,CALIBRATING,1.0
1771401009.8986936,CALIBRATING,1.0
1771401009.9322655,CALIBRATING,1.0
1771401009.9630845,CALIBRATING,1.0
1771401009.9990952,CALIBRATING,1.0
1771401010.0265958,CALIBRATING,1.0
1771401010.0635622,CALIBRATING,1.0
1771401010.0908394,CALIBRATING,1.0
1771401010.1223447,CALIBRATING,1.0
1771401010.1543982,CALIBRATING,1.0
1771401010.1908085,CALIBRATING,1.0
1771401010.216955,CALIBRATING,1.0
1771401010.2676191,CALIBRATING,1.0
1771401010.296292,CALIBRATING,1.0
1771401010.3300178,CALIBRATING,1.0
1771401010.4436183,CALIBRATING,1.0
1771401010.5063367,CALIBRATING,1.0
1771401010.6129162,CALIBRATING,1.0
1771401010.7335176,CALIBRATING,1.0
1771401010.8133407,CALIBRATING,1.0
1771401010.958605,CALIBRATING,1.0
1771401011.147951,CALIBRATING,1.0
1771401011.1828706,CALIBRATING,1.0
1771401011.2173755,CALIBRATING,1.0
1771401011.2550516,CALIBRATING,1.0
1771401011.3003826,CALIBRATING,1.0
1771401011.3368964,CALIBRATING,1.0
1771401011.3704178,CALIBRATING,1.0
1771401011.4015853,CALIBRATING,1.0
1771401011.4308493,CALIBRATING,1.0
1771401011.4763045,CALIBRATING,1.0
1771401011.5063264,CALIBRATING,1.0
1771401011.535147,CALIBRATING,1.0
1771401011.56537,CALIBRATING,1.0
1771401011.5936155,CALIBRATING,1.0
1771401011.628255,CALIBRATING,1.0
1771401011.6569407,CALIBRATING,1.0
1771401011.6904895,CALIBRATING,1.0
1771401011.7271407,CALIBRATING,1.0
1771401011.7537758,CALIBRATING,1.0
1771401011.786937,CALIBRATING,1.0
1771401011.8221421,CALIBRATING,1.0
1771401011.8660743,CALIBRATING,1.0
1771401011.9013638,CALIBRATING,1.0
1771401011.931234,CALIBRATING,1.0
1771401011.960605,CALIBRATING,1.0
1771401011.9975817,CALIBRATING,1.0
1771401012.0248458,CALIBRATING,1.0
1771401012.0585165,CALIBRATING,1.0
1771401012.0932827,CALIBRATING,1.0
1771401012.1221075,CALIBRATING,1.0
1771401012.153703,CALIBRATING,1.0
1771401012.1842928,CALIBRATING,1.0
1771401012.215433,CALIBRATING,1.0
1771401012.2663364,CALIBRATING,1.0
1771401012.2980714,CALIBRATING,1.0
1771401012.3312435,CALIBRATING,1.0
1771401012.3627362,CALIBRATING,1.0
1771401012.3934903,CALIBRATING,1.0
1771401012.4271514,CALIBRATING,1.0
1771401012.4601567,CALIBRATING,1.0
1771401012.4925776,CALIBRATING,1.0
1771401012.526916,CALIBRATING,1.0
1771401012.5564263,CALIBRATING,1.0
1771401012.5885656,CALIBRATING,1.0
1771401012.6238,CALIBRATING,1.0
1771401012.6644797,CALIBRATING,1.0
1771401012.698949,CALIBRATING,1.0
1771401012.732251,CALIBRATING,1.0
1771401012.7662694,CALIBRATING,1.0
1771401012.7973948,CALIBRATING,1.0
1771401012.827958,CALIBRATING,1.0
1771401012.863371,CALIBRATING,1.0
1771401012.890134,CALIBRATING,1.0
1771401012.923868,CALIBRATING,1.0
1771401012.9585314,CALIBRATING,1.0
1771401012.987338,CALIBRATING,1.0
1771401013.01875,CALIBRATING,1.0
1771401013.0638652,CALIBRATING,1.0
1771401013.0998752,CALIBRATING,1.0
1771401013.130131,CALIBRATING,1.0
1771401013.161257,CALIBRATING,1.0
1771401013.1950498,CALIBRATING,1.0
1771401013.2266064,CALIBRATING,1.0
1771401013.2635083,CALIBRATING,1.0
1771401013.2908914,CALIBRATING,1.0
1771401013.3234415,CALIBRATING,1.0
1771401013.3550842,CALIBRATING,1.0
1771401013.3910367,CALIBRATING,1.0
1771401013.4197118,CALIBRATING,1.0
1771401013.468178,CALIBRATING,1.0
1771401013.4968007,CALIBRATING,1.0
1771401013.5309916,CALIBRATING,1.0
1771401013.5670114,CALIBRATING,1.0
1771401013.5946467,CALIBRATING,1.0
1771401013.6256437,CALIBRATING,1.0
1771401013.6592054,CALIBRATING,1.0
1771401013.691224,CALIBRATING,1.0
1771401013.7207003,CALIBRATING,1.0
1771401013.7555523,CALIBRATING,1.0
1771401013.7868142,CALIBRATING,1.0
1771401013.8216908,CALIBRATING,1.0
1771401013.8675644,CALIBRATING,1.0
1771401013.9013002,CALIBRATING,1.0
1771401013.9306748,CALIBRATING,1.0
1771401013.963552,CALIBRATING,1.0
1771401013.996193,CALIBRATING,1.0
1771401014.0316746,CALIBRATING,1.0
1771401014.0599887,CALIBRATING,1.0
1771401014.0926898,CALIBRATING,1.0
1771401014.1239965,CALIBRATING,1.0
1771401014.1569595,CALIBRATING,1.0
1771401014.1865938,CALIBRATING,1.0
1771401014.21916,CALIBRATING,1.0
1771401014.2675335,CALIBRATING,1.0
1771401014.3014688,CALIBRATING,1.0
1771401014.332465,CALIBRATING,1.0
1771401014.361285,CALIBRATING,1.0
1771401014.3957424,CALIBRATING,1.0
1771401014.4268093,CALIBRATING,1.0
1771401014.4583156,CALIBRATING,1.0
1771401014.4910483,CALIBRATING,1.0
1771401014.5253315,CALIBRATING,1.0
1771401014.553543,CALIBRATING,1.0
1771401014.5843625,CALIBRATING,1.0
1771401014.6368628,CALIBRATING,1.0
1771401014.6677155,CALIBRATING,1.0
1771401014.7001588,CALIBRATING,1.0
1771401014.731179,CALIBRATING,1.0
1771401014.7621994,CALIBRATING,1.0
1771401014.7951348,CALIBRATING,1.0
1771401014.8241403,CALIBRATING,1.0
1771401014.8595672,CALIBRATING,1.0
1771401014.888957,CALIBRATING,1.0
1771401014.9222178,CALIBRATING,1.0
1771401014.9593692,CALIBRATING,1.0
1771401014.9862876,CALIBRATING,1.0
1771401015.0331287,CALIBRATING,1.0
1771401015.0721326,CALIBRATING,1.0
1771401015.099229,CALIBRATING,1.0
1771401015.1316335,CALIBRATING,1.0
1771401015.1617856,CALIBRATING,1.0
1771401015.1956258,CALIBRATING,1.0
1771401015.2268019,CALIBRATING,1.0
1771401015.2623982,CALIBRATING,1.0
1771401015.2919092,CALIBRATING,1.0
1771401015.324576,CALIBRATING,1.0
1771401015.3574164,CALIBRATING,1.0
1771401015.3878982,CALIBRATING,1.0
1771401015.4365673,CALIBRATING,1.0
1771401015.4674306,CALIBRATING,1.0
1771401015.497568,CALIBRATING,1.0
1771401015.529817,CALIBRATING,1.0
1771401015.5632048,CALIBRATING,1.0
1771401015.5970302,CALIBRATING,1.0
1771401015.631278,CALIBRATING,1.0
1771401015.6616955,CALIBRATING,1.0
1771401015.6952333,CALIBRATING,1.0
1771401015.7218332,CALIBRATING,1.0
1771401015.7556376,CALIBRATING,1.0
1771401015.7898743,CALIBRATING,1.0
1771401015.8358233,CALIBRATING,1.0
1771401015.8701386,CALIBRATING,1.0
1771401015.8988461,CALIBRATING,1.0
1771401015.929097,CALIBRATING,1.0
1771401015.9621,CALIBRATING,1.0
1771401015.9952476,CALIBRATING,1.0
1771401016.025058,CALIBRATING,1.0
1771401016.0594428,CALIBRATING,1.0
1771401016.0917735,CALIBRATING,1.0
1771401016.1215425,CALIBRATING,1.0
1771401016.1572633,CALIBRATING,1.0
1771401016.1872325,CALIBRATING,1.0
1771401016.233579,CALIBRATING,1.0
1771401016.2690768,CALIBRATING,1.0
1771401016.297574,CALIBRATING,1.0
1771401016.3294773,CALIBRATING,1.0
1771401016.3650417,CALIBRATING,1.0
1771401016.3942206,CALIBRATING,1.0
1771401016.4266875,CALIBRATING,1.0
1771401016.4577043,CALIBRATING,1.0
1771401016.4907339,CALIBRATING,1.0
1771401016.5245748,CALIBRATING,1.0
1771401016.5531595,CALIBRATING,1.0
1771401016.5860083,CALIBRATING,1.0
1771401016.636722,CALIBRATING,1.0
1771401016.6682482,CALIBRATING,1.0
1771401016.7007062,CALIBRATING,1.0
1771401016.7323225,CALIBRATING,1.0
1771401016.76287,CALIBRATING,1.0
1771401016.7967591,CALIBRATING,1.0
1771401016.8293421,CALIBRATING,1.0
1771401016.8602324,CALIBRATING,1.0
1771401016.894935,CALIBRATING,1.0
1771401016.9235237,CALIBRATING,1.0
1771401016.9564013,CALIBRATING,1.0
1771401016.992278,CALIBRATING,1.0
1771401017.0362055,CALIBRATING,1.0
1771401017.0668702,CALIBRATING,1.0
1771401017.0977707,CALIBRATING,1.0
1771401017.1325588,CALIBRATING,1.0
1771401017.1616294,CALIBRATING,1.0
1771401017.1946566,CALIBRATING,1.0
1771401017.229879,CALIBRATING,1.0
1771401017.2599552,CALIBRATING,1.0
1771401017.2933784,CALIBRATING,1.0
1771401017.3217478,CALIBRATING,1.0
1771401017.355545,CALIBRATING,1.0
1771401017.3845832,CALIBRATING,1.0
1771401017.4325101,CALIBRATING,1.0
1771401017.4727576,CALIBRATING,1.0
1771401017.4977872,CALIBRATING,1.0
1771401017.5302022,CALIBRATING,1.0
1771401017.562102,CALIBRATING,1.0
1771401017.5912657,CALIBRATING,1.0
1771401017.6265318,CALIBRATING,1.0
1771401017.657131,CALIBRATING,1.0
1771401017.689808,CALIBRATING,1.0
1771401017.724437,CALIBRATING,1.0
1771401017.7564933,CALIBRATING,1.0
1771401017.7864857,CALIBRATING,1.0
1771401017.8358884,CALIBRATING,1.0
1771401017.8657863,CALIBRATING,1.0
1771401017.8989727,CALIBRATING,1.0
1771401017.932921,CALIBRATING,1.0
1771401017.964202,CALIBRATING,1.0
1771401017.9970872,CALIBRATING,1.0
1771401018.0258434,CALIBRATING,1.0
1771401018.0589375,CALIBRATING,1.0
1771401018.0921583,CALIBRATING,1.0
1771401018.1203966,CALIBRATING,1.0
1771401018.1539447,CALIBRATING,1.0
1771401018.1870859,CALIBRATING,1.0
1771401018.2334251,CALIBRATING,1.0
1771401018.2725801,CALIBRATING,1.0
1771401018.299504,CALIBRATING,1.0
1771401018.3292375,CALIBRATING,1.0
1771401018.3639216,CALIBRATING,1.0
1771401018.3969436,CALIBRATING,1.0
1771401018.4311543,CALIBRATING,1.0
1771401018.4594593,CALIBRATING,1.0
1771401018.491536,CALIBRATING,1.0
1771401018.5208092,CALIBRATING,1.0
1771401018.5542636,CALIBRATING,1.0
1771401018.5857885,CALIBRATING,1.0
1771401018.6369383,CALIBRATING,1.0
1771401018.6663935,CALIBRATING,1.0
1771401018.698382,CALIBRATING,1.0
1771401018.728579,CALIBRATING,1.0
1771401018.761329,CALIBRATING,1.0
1771401018.7953398,CALIBRATING,1.0
1771401018.824233,CALIBRATING,1.0
1771401018.8575473,CALIBRATING,1.0
1771401018.8906567,CALIBRATING,1.0
1771401018.920572,CALIBRATING,1.0
1771401018.9557688,CALIBRATING,1.0
1771401018.9853911,CALIBRATING,1.0
1771401019.0337813,CALIBRATING,1.0
1771401019.0642865,CALIBRATING,1.0
1771401019.0962112,CALIBRATING,1.0
1771401019.1319852,CALIBRATING,1.0
1771401019.1615994,CALIBRATING,1.0
1771401019.1930895,CALIBRATING,1.0
1771401019.2282138,CALIBRATING,1.0
1771401019.2565181,CALIBRATING,1.0
1771401019.290499,CALIBRATING,1.0
1771401019.3208473,CALIBRATING,1.0
1771401019.3533287,CALIBRATING,1.0
1771401019.3847547,CALIBRATING,1.0
1771401019.436851,CALIBRATING,1.0
1771401019.4775324,CALIBRATING,1.0
1771401019.5051167,CALIBRATING,1.0
1771401019.536232,CALIBRATING,1.0
1771401019.5662313,CALIBRATING,1.0
1771401019.5987096,CALIBRATING,1.0
1771401019.6262882,CALIBRATING,1.0
1771401019.6617825,CALIBRATING,1.0
1771401019.695491,CALIBRATING,1.0
1771401019.7286806,CALIBRATING,1.0
1771401019.7574382,CALIBRATING,1.0
1771401019.7883267,CALIBRATING,1.0
1771401019.836834,CALIBRATING,1.0
1771401019.8690658,CALIBRATING,1.0
1771401019.8985188,CALIBRATING,1.0
1771401019.9314358,CALIBRATING,1.0
1771401019.9649901,CALIBRATING,1.0
1771401019.9957,CALIBRATING,1.0
1771401020.0283406,CALIBRATING,1.0
1771401020.057201,CALIBRATING,1.0
1771401020.0932834,CALIBRATING,1.0
1771401020.1222222,CALIBRATING,1.0
1771401020.1586146,CALIBRATING,1.0
1771401020.1947286,CALIBRATING,1.0
1771401020.2349966,CALIBRATING,1.0
1771401020.2713563,CALIBRATING,1.0
1771401020.3044875,CALIBRATING,1.0
1771401020.338758,CALIBRATING,1.0
1771401020.3680444,CALIBRATING,1.0
1771401020.3959599,CALIBRATING,1.0
1771401020.4302192,CALIBRATING,1.0
1771401020.4581327,CALIBRATING,1.0
1771401020.49195,CALIBRATING,1.0
1771401020.520313,CALIBRATING,1.0
1771401020.5531623,CALIBRATING,1.0
1771401020.5857885,CALIBRATING,1.0
1771401020.6324968,CALIBRATING,1.0
1771401020.6650956,CALIBRATING,1.0
1771401020.6960745,CALIBRATING,1.0
1771401020.729744,CALIBRATING,1.0
1771401020.7610211,CALIBRATING,1.0
1771401020.794476,CALIBRATING,1.0
1771401020.8278837,CALIBRATING,1.0
1771401020.8559241,CALIBRATING,1.0
1771401020.8915455,CALIBRATING,1.0
1771401020.9262915,CALIBRATING,1.0
1771401020.956321,CALIBRATING,1.0
1771401020.9868588,CALIBRATING,1.0
1771401021.0334034,CALIBRATING,1.0
1771401021.0661476,CALIBRATING,1.0
1771401021.0994937,CALIBRATING,1.0
1771401021.1326253,CALIBRATING,1.0
1771401021.1627252,CALIBRATING,1.0
1771401021.1973727,CALIBRATING,1.0
1771401021.2299023,CALIBRATING,1.0
1771401021.2666864,CALIBRATING,1.0
1771401021.2883556,CALIBRATING,1.0
1771401021.3227246,CALIBRATING,1.0
1771401021.3542924,CALIBRATING,1.0
1771401021.3884516,CALIBRATING,1.0
1771401021.4359183,CALIBRATING,1.0
1771401021.4724934,CALIBRATING,1.0
1771401021.502642,CALIBRATING,1.0
1771401021.5301564,CALIBRATING,1.0
1771401021.564912,CALIBRATING,1.0
1771401021.5955749,CALIBRATING,1.0
1771401021.631842,CALIBRATING,1.0
1771401021.6584735,CALIBRATING,1.0
1771401021.6917484,CALIBRATING,1.0
1771401021.7306707,CALIBRATING,1.0
1771401021.759119,CALIBRATING,1.0
1771401021.7942176,CALIBRATING,1.0
1771401021.8421552,CALIBRATING,1.0
1771401021.8724241,CALIBRATING,1.0
1771401021.8997624,CALIBRATING,1.0
1771401021.9346316,CALIBRATING,1.0
1771401021.9602067,CALIBRATING,1.0
1771401021.9932582,CALIBRATING,1.0
1771401022.0281832,CALIBRATING,1.0
1771401022.0557935,CALIBRATING,1.0
1771401022.0888112,CALIBRATING,1.0
1771401022.1247096,CALIBRATING,1.0
1771401022.151953,CALIBRATING,1.0
1771401022.186493,CALIBRATING,1.0
1771401022.2337596,CALIBRATING,1.0
1771401022.2679687,CALIBRATING,1.0
1771401022.3036187,CALIBRATING,1.0
1771401022.331768,CALIBRATING,1.0
1771401022.3635328,CALIBRATING,1.0
1771401022.396539,CALIBRATING,1.0
1771401022.4276845,CALIBRATING,1.0
1771401022.45786,CALIBRATING,1.0
1771401022.4916308,CALIBRATING,1.0
1771401022.5219655,CALIBRATING,1.0
1771401022.5556278,CALIBRATING,1.0
1771401022.586351,CALIBRATING,1.0
1771401022.6350415,CALIBRATING,1.0
1771401022.6734335,CALIBRATING,1.0
1771401022.7017837,CALIBRATING,1.0
1771401022.733658,CALIBRATING,1.0
1771401022.7645485,CALIBRATING,1.0
1771401022.7949746,CALIBRATING,1.0
1771401022.8256016,INSIDE,0.372
1771401022.8575883,INSIDE,0.376
1771401022.8910272,INSIDE,0.386
1771401022.9218867,INSIDE,0.402
1771401022.9555585,INSIDE,0.448
1771401022.9864097,INSIDE,0.414
1771401023.0361853,INSIDE,0.412
1771401023.0723825,INSIDE,0.383
1771401023.101784,INSIDE,0.414
1771401023.1348543,INSIDE,0.458
1771401023.1689782,INSIDE,0.486
1771401023.196515,INSIDE,0.669
1771401023.2290986,INSIDE,0.764
1771401023.2600992,INSIDE,0.661
1771401023.2936468,INSIDE,0.569
1771401023.3225796,INSIDE,0.495
1771401023.3531446,INSIDE,0.435
1771401023.3909924,INSIDE,0.362
1771401023.4318993,INSIDE,0.305
1771401023.467666,INSIDE,0.235
1771401023.498032,INSIDE,0.25
1771401023.5328019,OUTSIDE,0.281
1771401023.5649245,OUTSIDE,0.291
1771401023.5974114,OUTSIDE,0.296
1771401023.6285245,OUTSIDE,0.3
1771401023.6650193,INSIDE,0.322
1771401023.693112,INSIDE,0.319
1771401023.7247488,INSIDE,0.285
1771401023.759359,INSIDE,0.282
1771401023.7913797,INSIDE,0.311
1771401023.837806,INSIDE,0.304
1771401023.8752387,INSIDE,0.365
1771401023.9037318,INSIDE,0.406
1771401023.9316337,INSIDE,0.437
1771401023.9707496,INSIDE,0.412
1771401023.9994502,INSIDE,0.46
1771401024.0302544,INSIDE,0.815
1771401024.0644975,INSIDE,0.86
1771401024.0918365,INSIDE,0.698
1771401024.1270297,INSIDE,0.733
1771401024.1636508,INSIDE,0.771
1771401024.1897042,INSIDE,0.76
1771401024.2386258,INSIDE,0.586
1771401024.2737114,INSIDE,0.551
1771401024.2995663,INSIDE,0.584
1771401024.330358,INSIDE,0.515
1771401024.3632636,INSIDE,0.432
1771401024.3950162,INSIDE,0.373
1771401024.4270585,INSIDE,0.353
1771401024.4599695,INSIDE,0.498
1771401024.4908261,INSIDE,0.625
1771401024.5248103,INSIDE,0.73
1771401024.5522828,INSIDE,0.745
1771401024.586166,INSIDE,0.726
1771401024.6348972,INSIDE,0.737
1771401024.6674666,INSIDE,0.755
1771401024.6997216,INSIDE,0.785
1771401024.7324557,INSIDE,0.8
1771401024.7619643,INSIDE,0.811
1771401024.7963717,INSIDE,0.807
1771401024.824139,INSIDE,0.809
1771401024.8589737,INSIDE,0.84
1771401024.8938756,INSIDE,0.817
1771401024.9220982,INSIDE,0.904
1771401024.9553785,INSIDE,0.904
1771401024.9917474,INSIDE,0.842
1771401025.0359762,INSIDE,0.825
1771401025.067257,INSIDE,0.747
1771401025.0985074,INSIDE,0.728
1771401025.1360822,INSIDE,0.689
1771401025.1635563,INSIDE,0.754
1771401025.1956673,INSIDE,0.79
1771401025.2289555,INSIDE,0.845
1771401025.2574797,INSIDE,0.897
1771401025.2902863,INSIDE,0.85
1771401025.3219073,INSIDE,0.848
1771401025.3679304,INSIDE,0.854
1771401025.4606602,INSIDE,0.888
1771401025.5261886,INSIDE,0.888
1771401025.6214378,INSIDE,0.871
1771401025.69913,INSIDE,0.81
1771401025.7808805,INSIDE,0.749
1771401025.8722587,INSIDE,0.0
1771401025.9381878,INSIDE,0.861
1771401025.9969392,NO_FACE,0.0
1771401026.0312443,NO_FACE,0.0
1771401026.0570652,NO_FACE,0.0
1771401026.0848799,NO_FACE,0.0
1771401026.116365,NO_FACE,0.0
1771401026.1462135,NO_FACE,0.0
1771401026.1768136,NO_FACE,0.0
1771401026.2089722,NO_FACE,0.0
1771401026.23772,NO_FACE,0.0
1771401026.2693346,NO_FACE,0.0
1771401026.3016973,NO_FACE,0.0
1771401026.329666,NO_FACE,0.0
1771401026.345215,NO_FACE,0.0
1771401026.3675654,NO_FACE,0.0
1771401026.3971853,NO_FACE,0.0
1771401026.4321887,NO_FACE,0.0
1771401026.4625602,NO_FACE,0.0
1771401026.4968667,INSIDE,0.584
1771401026.5351777,INSIDE,0.503
1771401026.5639083,INSIDE,0.402
1771401026.5927029,INSIDE,0.371
1771401026.6384387,INSIDE,0.33
1771401026.669419,INSIDE,0.242
1771401026.6978567,INSIDE,0.601
1771401026.7345865,INSIDE,0.743
1771401026.7650564,INSIDE,0.753
1771401026.7986152,INSIDE,0.652
1771401026.8372376,INSIDE,0.596
1771401026.877153,INSIDE,0.598
1771401026.9056785,INSIDE,0.606
1771401026.935622,INSIDE,0.667
1771401026.976886,INSIDE,0.716
1771401027.0129712,INSIDE,0.708
1771401027.0605266,INSIDE,0.754
1771401027.1061354,INSIDE,0.778
1771401027.1331363,INSIDE,0.777
1771401027.1543446,INSIDE,0.83
1771401027.1807246,INSIDE,0.856
1771401027.2084641,INSIDE,0.86
1771401027.2323103,INSIDE,0.839
1771401027.2557101,INSIDE,0.786
1771401027.2897415,INSIDE,0.734
1771401027.327803,INSIDE,0.754
1771401027.3517423,INSIDE,0.733
1771401027.384935,INSIDE,0.622
1771401027.4335067,INSIDE,0.485
1771401027.4694211,INSIDE,0.425
1771401027.4968626,INSIDE,0.359
1771401027.5312784,INSIDE,0.315
1771401027.5615885,INSIDE,0.291
1771401027.5929887,INSIDE,0.27
1771401027.6249328,OUTSIDE,0.265
1771401027.6561618,OUTSIDE,0.246
1771401027.6904101,OUTSIDE,0.292
1771401027.7213466,INSIDE,0.309
1771401027.7540452,INSIDE,0.31
1771401027.78698,INSIDE,0.303
1771401027.8322525,INSIDE,0.32
1771401027.865477,INSIDE,0.321
1771401027.8967667,INSIDE,0.31
1771401027.9302652,INSIDE,0.295
1771401027.961058,INSIDE,0.266
1771401027.996147,OUTSIDE,0.287
1771401028.0261528,OUTSIDE,0.218
1771401028.0591216,OUTSIDE,0.119
1771401028.0910532,OUTSIDE,0.055
1771401028.1220255,OUTSIDE,0.128
1771401028.1566727,OUTSIDE,0.219
1771401028.1914232,OUTSIDE,0.227
1771401028.2338893,OUTSIDE,0.168
1771401028.2691226,OUTSIDE,0.073
1771401028.2983685,OUTSIDE,0.106
1771401028.334207,OUTSIDE,0.009
1771401028.367304,OUTSIDE,0.0
1771401028.3971572,OUTSIDE,0.0
1771401028.4318976,OUTSIDE,0.0
1771401028.4630916,OUTSIDE,0.0
1771401028.4904797,OUTSIDE,0.003
1771401028.5236895,OUTSIDE,0.007
1771401028.5546541,OUTSIDE,0.0
1771401028.6005054,OUTSIDE,0.003
1771401028.6322596,OUTSIDE,0.069
1771401028.666371,OUTSIDE,0.112
1771401028.700534,OUTSIDE,0.132
1771401028.728708,OUTSIDE,0.12
1771401028.7616587,OUTSIDE,0.133
1771401028.7947605,OUTSIDE,0.149
1771401028.8264558,OUTSIDE,0.13
1771401028.857519,OUTSIDE,0.198
1771401028.8892732,INSIDE,0.571
1771401028.9210124,INSIDE,0.803
1771401028.954827,INSIDE,0.698
1771401029.0016067,INSIDE,0.0
1771401029.037664,INSIDE,0.371
1771401029.0678074,INSIDE,0.277
1771401029.0993254,INSIDE,0.174
1771401029.1323986,OUTSIDE,0.102
1771401029.1638083,OUTSIDE,0.08
1771401029.1964781,OUTSIDE,0.0
1771401029.2277312,OUTSIDE,0.058
1771401029.259927,OUTSIDE,0.031
1771401029.291612,OUTSIDE,0.044
1771401029.3251133,OUTSIDE,0.082
1771401029.3565812,OUTSIDE,0.062
1771401029.4019926,OUTSIDE,0.096
1771401029.436317,OUTSIDE,0.116
1771401029.4662418,OUTSIDE,0.101
1771401029.4974425,OUTSIDE,0.074
1771401029.5303378,OUTSIDE,0.029
1771401029.56224,OUTSIDE,0.034
1771401029.5953681,OUTSIDE,0.058
1771401029.625313,OUTSIDE,0.042
1771401029.6598723,OUTSIDE,0.082
1771401029.6917012,OUTSIDE,0.077
1771401029.7219753,OUTSIDE,0.003
1771401029.7563467,OUTSIDE,0.014
1771401029.8038914,OUTSIDE,0.079
1771401029.8400252,OUTSIDE,0.033
1771401029.8660488,OUTSIDE,0.094
1771401029.900575,OUTSIDE,0.011
1771401029.9312341,OUTSIDE,0.0
1771401029.9608004,OUTSIDE,0.0
1771401029.9942486,OUTSIDE,0.0
1771401030.0251122,OUTSIDE,0.0
1771401030.059706,OUTSIDE,0.0
1771401030.0883355,OUTSIDE,0.0
1771401030.1226275,OUTSIDE,0.0
1771401030.154302,OUTSIDE,0.0
1771401030.2015,OUTSIDE,0.0
1771401030.237259,OUTSIDE,0.0
1771401030.2638993,OUTSIDE,0.212
1771401030.2995908,INSIDE,0.417
1771401030.3311124,INSIDE,0.563
1771401030.3635836,INSIDE,0.624
1771401030.3957438,INSIDE,0.592
1771401030.4277146,INSIDE,0.619
1771401030.4596603,INSIDE,0.65
1771401030.4904978,INSIDE,0.666
1771401030.5249362,INSIDE,0.633
1771401030.5539753,INSIDE,0.641
1771401030.6024373,INSIDE,0.643
1771401030.634297,INSIDE,0.626
1771401030.6663928,INSIDE,0.644
1771401030.6988723,INSIDE,0.63
1771401030.7298079,INSIDE,0.511
1771401030.7633128,INSIDE,0.384
1771401030.7964795,INSIDE,0.275
1771401030.8275373,INSIDE,0.148
1771401030.864831,OUTSIDE,0.172
1771401030.8940585,OUTSIDE,0.133
1771401030.924276,OUTSIDE,0.223
1771401030.959602,OUTSIDE,0.201
1771401031.0042527,OUTSIDE,0.224
1771401031.0403543,OUTSIDE,0.113
1771401031.0711849,OUTSIDE,0.148
1771401031.1019788,OUTSIDE,0.074
1771401031.1357148,OUTSIDE,0.099
1771401031.167411,OUTSIDE,0.131
1771401031.2006454,OUTSIDE,0.175
1771401031.2384284,OUTSIDE,0.184
1771401031.2655628,OUTSIDE,0.174
1771401031.298052,OUTSIDE,0.174
1771401031.3343713,OUTSIDE,0.182
1771401031.3639631,OUTSIDE,0.285
1771401031.4027972,INSIDE,0.386
1771401031.4353049,INSIDE,0.552
1771401031.4657083,INSIDE,0.581
1771401031.4972618,INSIDE,0.532
1771401031.5295513,INSIDE,0.522
1771401031.5630724,INSIDE,0.588
1771401031.598023,INSIDE,0.591
1771401031.625436,INSIDE,0.62
1771401031.6581676,INSIDE,0.56
1771401031.6896493,INSIDE,0.656
1771401031.7228415,INSIDE,0.719
1771401031.7530484,INSIDE,0.77
1771401031.802283,INSIDE,0.765
1771401031.836381,INSIDE,0.724
1771401031.8648608,INSIDE,0.729
1771401031.89926,INSIDE,0.701
1771401031.9297385,INSIDE,0.66
1771401031.9611368,INSIDE,0.587
1771401031.9959238,INSIDE,0.506
1771401032.0261533,INSIDE,0.459
1771401032.0600653,INSIDE,0.469
1771401032.0963287,INSIDE,0.515
1771401032.1246097,INSIDE,0.502
1771401032.1558666,INSIDE,0.506
1771401032.2017853,INSIDE,0.545
1771401032.2344747,INSIDE,0.558
1771401032.2657695,INSIDE,0.631
1771401032.296389,INSIDE,0.725
1771401032.3305547,INSIDE,0.797
1771401032.3623757,INSIDE,0.621
1771401032.3943663,INSIDE,0.452
1771401032.4294848,INSIDE,0.239
1771401032.4565263,INSIDE,0.072
1771401032.4897735,OUTSIDE,0.0
1771401032.5196645,OUTSIDE,0.0
1771401032.553138,OUTSIDE,0.0
1771401032.603295,OUTSIDE,0.0
1771401032.6345818,OUTSIDE,0.0
1771401032.6649125,OUTSIDE,0.0
1771401032.6964877,OUTSIDE,0.084
1771401032.7276738,INSIDE,0.433
1771401032.762579,INSIDE,0.707
1771401032.7941678,INSIDE,0.868
1771401032.8269498,INSIDE,0.799
1771401032.8595526,INSIDE,0.71
1771401032.8913782,INSIDE,0.68
1771401032.920637,INSIDE,0.0
1771401032.9529433,INSIDE,0.634
1771401032.9998047,INSIDE,0.651
1771401033.0345418,INSIDE,0.648
1771401033.0646994,INSIDE,0.0
1771401033.09787,INSIDE,0.718
1771401033.1298125,INSIDE,0.456
1771401033.1618674,INSIDE,0.183
1771401033.196345,INSIDE,0.002
1771401033.2278204,OUTSIDE,0.0
1771401033.2600915,OUTSIDE,0.0
1771401033.2930472,OUTSIDE,0.0
1771401033.3217409,OUTSIDE,0.0
1771401033.3587945,OUTSIDE,0.0
1771401033.4020073,OUTSIDE,0.0
1771401033.4343383,OUTSIDE,0.0
1771401033.468309,OUTSIDE,0.0
1771401033.499638,OUTSIDE,0.0
1771401033.530038,OUTSIDE,0.0
1771401033.5646994,OUTSIDE,0.0
1771401033.5952113,OUTSIDE,0.0
1771401033.6275048,OUTSIDE,0.0
1771401033.6619232,OUTSIDE,0.0
1771401033.689073,OUTSIDE,0.0
1771401033.7225325,OUTSIDE,0.0
1771401033.756448,OUTSIDE,0.0
1771401033.8020186,OUTSIDE,0.0
1771401033.8373592,OUTSIDE,0.0
1771401033.8651326,OUTSIDE,0.0
1771401033.8972104,OUTSIDE,0.247
1771401033.9334092,INSIDE,0.55
1771401033.9606373,INSIDE,0.844
1771401033.9944813,INSIDE,0.865
1771401034.027624,INSIDE,0.776
1771401034.058108,INSIDE,0.818
1771401034.0930638,INSIDE,0.577
1771401034.12138,INSIDE,0.369
1771401034.1554496,INSIDE,0.248
1771401034.2007895,INSIDE,0.146
1771401034.23223,OUTSIDE,0.072
1771401034.2649295,OUTSIDE,0.045
1771401034.2990322,OUTSIDE,0.066
1771401034.3324683,OUTSIDE,0.103
1771401034.361714,OUTSIDE,0.0
1771401034.3932002,OUTSIDE,0.0
1771401034.4251435,OUTSIDE,0.0
1771401034.4556398,OUTSIDE,0.0
1771401034.489155,OUTSIDE,0.0
1771401034.5210772,OUTSIDE,0.0
1771401034.55518,OUTSIDE,0.0
1771401034.6035485,OUTSIDE,0.0
1771401034.637551,OUTSIDE,0.0
1771401034.6661522,OUTSIDE,0.0
1771401034.6963995,OUTSIDE,0.0
1771401034.7304137,OUTSIDE,0.0
1771401034.761377,OUTSIDE,0.0
1771401034.7982574,OUTSIDE,0.0
1771401034.824391,OUTSIDE,0.0
1771401034.857304,OUTSIDE,0.0
1771401034.894224,OUTSIDE,0.0
1771401034.9207227,OUTSIDE,0.064
1771401034.9543405,OUTSIDE,0.281
1771401035.003613,INSIDE,0.497
1771401035.033134,INSIDE,0.655
1771401035.0668244,INSIDE,0.879
1771401035.0984745,INSIDE,0.852
1771401035.130532,INSIDE,0.741
1771401035.1643894,INSIDE,0.682
1771401035.1962197,INSIDE,0.6
1771401035.2313533,INSIDE,0.491
1771401035.2663295,INSIDE,0.353
1771401035.2957249,INSIDE,0.265
1771401035.3242,INSIDE,0.157
1771401035.3629417,OUTSIDE,0.087
1771401035.4103968,OUTSIDE,0.0
1771401035.4465313,OUTSIDE,0.0
1771401035.4775455,OUTSIDE,0.021
1771401035.5050387,OUTSIDE,0.018
1771401035.5321383,OUTSIDE,0.053
1771401035.5679867,OUTSIDE,0.0
1771401035.5956523,OUTSIDE,0.0
1771401035.6280508,OUTSIDE,0.039
1771401035.6572626,OUTSIDE,0.023
1771401035.6876564,OUTSIDE,0.002
1771401035.7207987,OUTSIDE,0.134
1771401035.7538784,OUTSIDE,0.201
1771401035.804982,OUTSIDE,0.212
1771401035.8401947,OUTSIDE,0.22
1771401035.8665948,OUTSIDE,0.225
1771401035.9000244,OUTSIDE,0.206
1771401035.9293242,OUTSIDE,0.257
1771401035.9634352,OUTSIDE,0.22
1771401035.9958231,OUTSIDE,0.226
1771401036.0258539,OUTSIDE,0.245
1771401036.0620239,OUTSIDE,0.284
1771401036.0878258,INSIDE,0.305
1771401036.123018,INSIDE,0.336
1771401036.1567795,INSIDE,0.334
1771401036.2035658,INSIDE,0.354
1771401036.2335773,INSIDE,0.331
1771401036.26598,INSIDE,0.421
1771401036.300718,INSIDE,0.768
1771401036.3315492,INSIDE,0.747
1771401036.3612628,INSIDE,0.357
1771401036.3921547,INSIDE,0.082
1771401036.4273856,INSIDE,0.0
1771401036.4594474,OUTSIDE,0.0
1771401036.4889355,OUTSIDE,0.0
1771401036.5238457,OUTSIDE,0.018
1771401036.55824,OUTSIDE,0.031
1771401036.6009178,OUTSIDE,0.054
1771401036.6355426,OUTSIDE,0.225
1771401036.6651285,INSIDE,0.36
1771401036.701829,INSIDE,0.439
1771401036.739825,INSIDE,0.55
1771401036.766428,INSIDE,0.55
1771401036.7991626,INSIDE,0.581
1771401036.8332386,INSIDE,0.639
1771401036.8598852,INSIDE,0.679
1771401036.8931973,INSIDE,0.694
1771401036.9232962,INSIDE,0.815
1771401036.9556286,INSIDE,0.947
1771401037.0050304,INSIDE,0.873
1771401037.0368955,INSIDE,0.774
1771401037.0656433,INSIDE,0.691
1771401037.0989375,INSIDE,0.632
1771401037.129376,INSIDE,0.613
1771401037.162114,INSIDE,0.587
1771401037.1943429,INSIDE,0.591
1771401037.2266643,INSIDE,0.643
1771401037.2556396,INSIDE,0.788
1771401037.2895956,INSIDE,0.806
1771401037.320607,INSIDE,0.833
1771401037.3560493,INSIDE,0.847
1771401037.4012613,INSIDE,0.848
1771401037.4341638,INSIDE,0.843
1771401037.466436,INSIDE,0.851
1771401037.497189,INSIDE,0.852
1771401037.530656,INSIDE,0.799
1771401037.5656853,INSIDE,0.689
1771401037.5922117,INSIDE,0.659
1771401037.6275764,INSIDE,0.649
1771401037.6599526,INSIDE,0.597
1771401037.6889102,INSIDE,0.559
1771401037.7240038,INSIDE,0.494
1771401037.7582035,INSIDE,0.414
1771401037.8048203,INSIDE,0.364
1771401037.837579,INSIDE,0.348
1771401037.8639927,INSIDE,0.359
1771401037.898096,INSIDE,0.381
1771401037.9314873,INSIDE,0.386
1771401037.9643195,INSIDE,0.376
1771401038.001192,INSIDE,0.363
1771401038.0267403,INSIDE,0.363
1771401038.0612864,INSIDE,0.38
1771401038.0964777,INSIDE,0.385
1771401038.1223211,INSIDE,0.382
1771401038.1577032,INSIDE,0.546
1771401038.2061899,INSIDE,0.668
1771401038.2378972,INSIDE,0.722
1771401038.271466,INSIDE,0.714
1771401038.3041453,INSIDE,0.729
1771401038.3287094,INSIDE,0.736
1771401038.361284,INSIDE,0.713
1771401038.3966327,INSIDE,0.839
1771401038.4256108,INSIDE,0.775
1771401038.4571726,INSIDE,0.635
1771401038.4898486,INSIDE,0.57
1771401038.5243907,INSIDE,0.534
1771401038.5544786,INSIDE,0.489
1771401038.6004453,INSIDE,0.444
1771401038.6326694,INSIDE,0.404
1771401038.6659205,INSIDE,0.37
1771401038.6982644,INSIDE,0.348
1771401038.7315784,INSIDE,0.367
1771401038.7625594,INSIDE,0.388
1771401038.7950475,INSIDE,0.454
1771401038.8277965,INSIDE,0.605
1771401038.8616314,INSIDE,0.724
1771401038.891186,INSIDE,0.849
1771401038.9226387,INSIDE,0.873
1771401038.9555986,INSIDE,0.909
1771401039.0047557,INSIDE,0.922
1771401039.0369112,INSIDE,0.945
1771401039.068595,INSIDE,0.944
1771401039.097559,INSIDE,0.945
1771401039.129989,INSIDE,0.858
1771401039.1620708,INSIDE,0.772
1771401039.1932366,INSIDE,0.723
1771401039.229069,INSIDE,0.712
1771401039.256541,INSIDE,0.718
1771401039.2908733,INSIDE,0.722
1771401039.326408,INSIDE,0.692
1771401039.3539257,INSIDE,0.674
1771401039.4024458,INSIDE,0.652
1771401039.4369078,INSIDE,0.596
1771401039.4688835,INSIDE,0.561
1771401039.4982376,INSIDE,0.571
1771401039.5333385,INSIDE,0.607
1771401039.563481,INSIDE,0.674
1771401039.5962145,INSIDE,0.727
1771401039.632559,INSIDE,0.71
1771401039.6612937,INSIDE,0.743
1771401039.6907961,INSIDE,0.785
1771401039.7252352,INSIDE,0.792
1771401039.7542932,INSIDE,0.695
1771401039.8003445,INSIDE,0.523
1771401039.831662,INSIDE,0.453
1771401039.8652062,INSIDE,0.378
1771401039.8983448,INSIDE,0.336
1771401039.929696,INSIDE,0.299
1771401039.9620292,INSIDE,0.307
1771401039.9968889,INSIDE,0.292
1771401040.027294,INSIDE,0.279
1771401040.0563958,OUTSIDE,0.275
1771401040.0910928,OUTSIDE,0.254
1771401040.122533,OUTSIDE,0.224
1771401040.1538203,OUTSIDE,0.255
1771401040.2007582,OUTSIDE,0.289
1771401040.2327955,INSIDE,0.474
1771401040.2654424,INSIDE,0.694
1771401040.2992542,INSIDE,0.852
1771401040.328181,INSIDE,0.943
1771401040.3806772,INSIDE,0.947
